embedding type, epsilon, min samples, average regular index_per_batch, average adjusted index_per_batch, # of images, regular index_per_batch, adjusted index_per_batch
vild_and_pose,0.7,5,0.7238189963387505,0.13433107040412195,42,"[0.7347319347319348, 0.7129060579455663]","[0.13642516151719677, 0.13223697929104716]"
vild_and_pose,0.7,5,0.7238189963387505,0.13433107040412195,42,"[0.7347319347319348, 0.7129060579455663]","[0.13642516151719677, 0.13223697929104716]"
